
INSERT INTO trip(title, startDate, endDate, latestEdit, visible, deleted) VALUES ('Maleisië, Singapore en Borneo 2017', '2017-07-03', '2017-08-02', '2017-08-15 16:20:05', TRUE , FALSE ), ('Ten days in Tokyo', '2017-04-03', '2017-04-17', '2017-06-03 09:30:25', TRUE , FALSE )
,('Lentekriebels in Rome', '2017-02-27', '2017-03-03', '2017-05-15 22:22:00', TRUE , FALSE )
,('Herfst in Londen', '2016-11-02', '2016-11-04', '2017-08-09 21:30:07', TRUE , FALSE )
,('Schrijven en reizen onder mijn wolken', '2016-08-13', '2017-07-01', '2017-11-01 14:26:08', TRUE , FALSE )
,('Mexico 2016', '2016-07-02', '2016-08-12', '2016-08-12 07:05:55', TRUE , FALSE )
,('Nostalgie: Phuket - Surat Thani - Bangkok', '2016-03-26', '2016-04-08', '2016-05-11 13:46:14', TRUE , FALSE )
,('Verlangen en voorbereiden...', '2015-12-28', '2016-07-01', '2016-08-23 16:08:12', TRUE , FALSE )
,('Parijs 2015', '2015-08-17', '2015-08-17', '2015-09-15 10:00:31', TRUE , FALSE )
,('Japan 2015', '2015-07-01', '2015-08-06', '2015-09-16 18:25:02', TRUE , FALSE );
INSERT INTO country(name, flag) VALUES ('Maleisië', NULL ), ('Singapore', NULL ), ('België', NULL ), ('Japan', NULL ), ('Italië', NULL ), ('Mexico', NULL ), ('Thailand', NULL ), ('Nederland', NULL ), ('Spanje', NULL ), ('Verenigd Koninkrijk', NULL ), ('Indië', NULL ), ('Laos', NULL ), ('Vietnam', NULL ), ('Mongolië', NULL ), ('China', NULL ), ('Rusland', NULL ), ('Myanmar', NULL ), ('Filipijnen', NULL ), ('Turkije', NULL ), ('Frankrijk', NULL ), ('Verenigde Staten', NULL ), ('Griekenland', NULL ), ('Duitsland', NULL ), ('Sri Lanka', NULL ), ('Cambodja', NULL ), ('Jordanië', NULL ), ('Syrië', NULL ), ('Marokko', NULL );
INSERT INTO country_trip(countryName, tripId) VALUES ('Maleisië', 1), ('Singapore', 1), ('Japan', 2), ('Italië', 3), ('Verenigd Koninkrijk', 4), ('België', 5), ('Mexico', 6), ('Thailand', 7), ('België', 8), ('Frankrijk', 9), ('Japan', 10);
INSERT INTO story(title, teaser, story, postDate, latestEdit, tripId, picture, lattitude, longitude, visible, deleted) VALUES ('Literatuur onder andere wolken', NULL , 'Ik schrik er zelf van. Acht dikke boeken heb ik op reis gelezen. Er zit zelfs eentje tussen van 1000 bladzijden. In Azië wordt het al vroeg donker en ik laat me niet afleiden door afstompende tv-programma''s. Een verduisterde kamer, een muziekje op de achtergrond, de e-reader in mijn hand. En natuurlijk het zachte geruis van de airco. Het strand is mijn favoriete leesbed. Een boek per dag is niet overdreven. Zweet vermengd met tranen lopen onder mijn zonnebril door over mijn wangen. Het zijn geen chicklits die ik lees. Ik sluit me tijdelijk af van de gruwel van het dagelijkse nieuws om onder te duiken in de drama''s van de hoofdpersonages. Van die boeken die je niet aan de kant kan leggen. Je moet lezen. Tot je ziet dat er nog maar 100 bladzijden overblijven. Dan wil ik even pauzeren. Ik ben nog niet klaar om dit verhaal af te ronden. De schrijver moet me nog wat verwerkingstijd gunnen. In tegenstelling tot andere reizen vond ik geen geschikte reisliteratuur die bij mijn bestemming paste. Als ik al iets vond, was het niet verkrijgbaar in e-book. De boeken die ik koos, werden mij aangeraden door zeer goede vrienden. Met een uitmuntende smaak op het vlak van literatuur. Op andere vlakken trouwens ook. Als u nog over wat leestijd beschikt, of neen, maak gerust wat tijd vrij voor volgende boeken, opgesomd in willekeurige volgorde:- De glazen stolp van Sylvia Plath (een must als je Jij zegt het van Connie Palmen hebt gelezen)- De eerste dag van David Nicholls- Vissen voeren van Fabio Genovesi- Drie dochters van Eva van Elif Shafak- Paarden Stelen van Per Petterson- Ik kom terug van Adriaan Van Dis (dit boek leunt het dichtst aan bij mijn reisbestemming, over het koloniale verleden van Nederlands-Indië)- De kraaien zullen het zeggen van Ann-Marie MacDonald- Een geweer, een koe, een vrouw en een boom van Meïr ShalevAls het lukt om de uit-knop van mijn tv in te drukken en als de zon ook wat meewerkt, dan hoop ik deze vakantie nog een aantal boeken aan dit lijstje toe te voegen. U leest toch ook?' , '2017-08-02', '2017-08-07', 1, NULL, 5, 5, TRUE, FALSE)
,('Welkom in de gekke wereld van Yayoi Kusama', NULL , 'Mijn voorliefde voor bollekes in alle kleuren van de regenboog heb ik gemeenschappelijk met de Japanse kunstenares Yayoi Kusama. Ik ontdekte haar twee jaar geleden op het Japanse kunsteneiland Naoshima. Vanaf dat moment is in de ideale wereld de ideale vorm van een pompoen er voor mij eentje die gigantisch groot is én een zwart stippenpatroon heeft. Niet enkel polkadots zijn typerend voor Kusama’s kunst, ook pompoenen zijn haar dada. Geheel toevallig ontdek ik dat er een tentoonstelling loopt in de National Gallery. Ik voel me zo opgetogen dat ik het gerammel van mijn maag negeer en geheel impulsief een uur ga rijtje schuiven om een ticket te bemachtigen.Ik treed binnen in het gekke universum van de inmiddels 88-jarige beeldhouwster, schilderes en installatie-artieste die al bijna veertig jaar vrijwillig in een psychiatrische zorginstelling verblijft. In de monumentale inkomhal van het museum hangen grote, gele ballonnen met zwarte stippen. Alsof er in het hemelruim van het museum tien zonnen bengelen. Voor ik meer te zien krijg, moet ik opnieuw aanschuiven. De expositie is verspreid over vier galerieën. De mensenzee is flatterend voor de artieste, maar enerverend voor een ongedurige bezoekster. "...a polka dot has the form of the sun, which is a symbol of the energy of the whole world and our living life, and also the form of the moon, which is calm. Round, soft, colorful, senseless and unknowing. Polka dots become movement... Polka dots are a way to infinity."En oneindig veel bollen en stippen zijn er. Spiegeltje, spiegeltje aan de wand... Het is een uitdaging om niet naar mezelf te kijken, ook al heet dit kunstwerk Invisible life. Mijn visibiliteit is nog nadrukkelijker door mijn knaloranje kleedje. Muren en plafonds zijn bedekt met bolvormige spiegels waardoor ik mezelf ontelbaar keer weerspiegeld zie in het centrum van elke hemisfeer. Oneindigheid is ook een terugkerend thema in haar werk. Haar Infinity nets noemt ze zelf schilderingen zonder begin, einde of midden. Ook al zijn ze minimalistisch en in één kleur, de eindeloze herhaling doet mij duizelen als ik er te lang naar staar.  En dit is nog maar het begin van mijn psychedelische trip door het museum. Ik sta in het midden van Gleaming lights of the souls, omgeven door spiegels en glanzende lichtjes die na enkele tellen veranderen van kleur. Je mag met maximum vier personen binnen in deze Infinity mirrored room. De museumsuppoost haalt mij uit de lange rij naar voor om een groepje van drie te vergezellen. Ik mag wat geluk hebben. Kortstondig geluk, want na dertig seconden sta je weer buiten. Het was een snelle onderdompeling in deze alles reflecterende kubus. Na deze bonte, fonkelende ervaring ben ik aangenaam verrast door de sobere zwart-wittekeningen. Op vijftig canvassen zie ik contouren van gezichten, ogen, bloemen... en ook veel stippen. Ik hou van de eenvoud en abstractie. De reeks Love forever werd vorig jaar gebruikt voor de illustratie van het beroemde sprookje De kleine zeemeermin. Er zijn Infinity mirrored rooms die je kan betreden, bij andere kan je door een kijkgat gluren. Bij haar Love forever-reeks hoort ook een kijkbox. Ik staar in de opening naar I want to love on the festival night. De ervaring is hoe dan ook hallucinant. Je weet niet waar eerst kijken, ook al zie je steeds hetzelfde patroon weerkeren, oneindig veel keer... terwijl intussen de kleuren veranderen. De spiegels zorgen er opnieuw voor dat je de neiging hebt om naar jezelf te kijken. Ook de Narcissus garden speelt in op onze ijdelheid. In dit museum liggen meer dan duizend plastic spiegelbollen in een galerieruimte, maar haar eerste narcissentuin dateert uit 1966. Echte kunstenaars schoppen tegen de schenen. Ze werd geweigerd voor de Biënnale in Venetië, maar dat hield Kusama niet tegen om een illegaal kunstwerk te maken met grote, blinkende bollen die ze op het gazon voor het Italiaanse paviljoen verspreidde. De blinkende bollen lijken op een reflecterend veld. Het is een illusie dat je naar iets anders dan naar jezelf zal kijken. Ik sta in een kamer met witte reuzentulpen, versierd met kleurrijke bollen, de ruimte in hetzelfde wit met exact hetzelfde motief. Dit zou de Efteling kunnen zijn. Tulpen, zonnebloemen of gerbera''s.... Ik deel haar voorliefde voor bloemen. Ik ben niet de enige die er verzot op is. De selfiegekte slaat toe in With all my love for the tulips, I pray forever. In stilte genieten is onmogelijk. Ik word er zelf een beetje horendol van dat ik vlug naar de volgende zaal ga. Het uithangbord van deze expositie Life is the heart of a rainbow is het laatste schilderij uit haar recente reeks My eternal soul. De werken barsten van hevige, heldere kleuren en zijn vooral opvallend door de organische vormen en decoratieve elementen. Deze stijl past perfect bij het creëren van een poëtische droomwereld. Door de oranje kleurschakeringen ogen ze veel warmer dan haar andere werken. Sommige bezoekers zullen zich misschien focussen op haar verstoorde en zieke gedachtewereld; ik kijk liever naar het kleurrijke resultaat ervan. Als tienjarige had ze haar eerste hallucinaties van lichtflitsen, aura''s en stippen. Ze beangstigden het jonge meisje. In plaats van compleet gaga te worden, gaf ze haar wanen vorm. Haar donkere fantasie wordt kunst en wordt zo ook onze realiteit. Kunst heeft haar gered om te overleven in deze maatschappij. The spirits of the pumpkins descended into the heavens is een hoogtepunt van deze tentoonstelling. Ik voel enige nervositeit opkomen. Ook hier krijg je maar enkele seconden om door het kijkgat te gluren en de zielen van de pompoenen te voelen. Wil je alles nog een keertje ervaren, moet je opnieuw een half uur aanschuiven.  Daar heb ik de energie niet meer voor. Ik overleef op druivensuiker. Dit zal mij samen met het constant wachten en aanschuiven op de rand van krankzinnigheid drijven. Misschien is dat wel de gemoedstoestand die Yayoi Kusama voor haar bezoekers voor ogen had.' , '2017-07-10', '2017-10-22', 1, NULL, 5, 5, TRUE, FALSE)
,('Singapore voor beginners', NULL , 'Singapore behaalt brons als derde rijkste land van de wereld. Op papier de perfecte tussenstop voor ik naar Borneo vlieg. In werkelijkheid maak ik me zorgen of deze driedaagse trip in deze stadstaat geen exuberante uitspatting wordt. Ik ben intussen een week de levensstandaard van Maleisië gewend, dat het met een 45ste plaats op zich niet zo slecht doet in vergelijking met omringende landen als Thailand, Indonesië en de Filipijnen, maar waar het leven voor de westerse reiziger best wel goedkoop is. Het is nu te laat. Ik overhandig mijn kredietkaart aan de receptioniste en duik mijn duurbetaalde luxe in. De avondzon geeft de veelkleurige koophandelshuizen een warme gloed. Dat de Chinese gemeenschap hier gefortuneerd is, zie je aan de mooi gerenoveerde gevels. Als je neonverlichting en reclameborden wegdenkt, keer je terug in de tijd. Ik logeer nu voor de derde maal op rij in Chinatown en het bevalt mij als uitvalsbasis. Hier zie je op de achtergrond het schouwspel van wolkenkrabbers en luxueuze buildings, maar vertoef je tussen de charmante shophouses waar souvenirwinkels of hippe zaken in gevestigd zijn. Naast een boeddhistische tempel zijn ook steevast een hindoetempel en een moskee present. Ik logeer nu ook al voor de tweede keer op rij in Mosque street, de tegenhanger van onze Kerkstraat. De religieuze sfeer domineert hier op het kapitalisme elders in de stad. Terwijl Smith Street barst van food stalls en toeristen beland ik in diezelfde straat op een hallucinante plek. Ik ga aan een tafeltje zitten op een kleine, houten kruk. Mijn benen hebben geen idee waar hun plaats is, dus draai ik me in amazonezit. In het midden van het restaurant zit een Chinese familie te eten. Deze ruimte is een vreemde melange van een restaurant, een huiskamer en een boeddhistisch schrijn. De televisie staat stil, maar de eigenaar volgt de quiz onverstoorbaar. Intussen heb ik de menukaarten gevonden. Op een houten bord staan de zeven opties gekriebeld. Gelukkig ook in het Engels. Ik weet niet hoe ik er telkens in slaag om er terecht te komen, maar Ci Yan Organic Vegetariër Health Food trekt duidelijk niet veel westerlingen aan. Tijdens de reclame kan ik de aandacht trekken. Een aantal tellen later geniet ik van een eenvoudig, maar eerlijk gerechtje met bruine rijst en een mix aan groenten. Ik knipper de drie soorten sfeerverlichting in willekeurige volgorde aan. Het witte linnen ziet er na een nachtje slapen nog ongekreukt uit. Ik heb zin om te blijven baden in deze luxe, maar spring snel onder de douche. Singapore wacht op mij. De dag start donkergrijs en de regent dreigt. Gelukkig is deze stad een aantal musea rijk. In het National Museum dompel ik me onder in het leven voor, tijdens en na het kolonialisme. Onderweg geniet ik van de grootsheid van de Victoriaanse architectuur. Een aangename afwisseling met de strakke hoogbouw. De luxe overvalt mij aan het Raffles Hotel en het negentiende eeuwse klooster Chijmes. Van de school, het weeshuis of het toevluchtsoord voor vrouwen is niets meer te merken. De gotische kapel staat nog parmantig echtop, maar is nu een tentoonstellingsruimte te midden van hippe eettenten. Bijna niemand staat hier nog stil bij de Gate of Hope waar in de negentiende eeuw Chinese kinderen die in het jaar van de Tijger waren geboren, werden achtergelaten. Een teken van tegenspoed in de Chinese astrologie. Nu laat men hier vooral massa’s dollars achter. Ja, natuurlijk zijn er metrolijnen in Singapore, én een uitgebreid busnetwerk. Neen, ik ga op dag twee ook de uitdaging aan om de stad te voet te verpletteren. Stap na stap. Het is wel wennen. In Maleisië bekeek ik geen stadsplan, want Google Maps was mijn metgezel. Hier werkt mijn simkaart niet en moet het terug artisanaal. Gelukkig wandelt vandaag de zon mee. Ik zal ze aanbidden en verachten, want het is bloedheet. Ik ben gebiologeerd door het gigantische schip van het Marina Bay Sands dat steeds in mijn vizier ligt. Het schip, bijna 350 meter lang, rust bovenop drie torenhoge gebouwen. Binnen zijn een hotel, kantoren en winkelcentra. Op het schip is een Sky Park en een zwembad van 150 meter. Vandaag is mijn streefdoel zo dicht mogelijk geraken. De tarieven van een hotelkamer starten bij driehonderd euro. Zó ver zal ik dus niet geraken. Toch kick ik op het majestueuze aanzicht dat past bij het posh imago van Singapore. Ik vertrek aan Clarke Quay, wandel veel te vroeg op de dag langs de cafés en restaurants van Boat Quay en blijf de Singapore rivier oostwaarts volgen. Aan de overkant blinken het Old Parliament, de Victoria Concert Hall en het Asian Civilisation Museum in de zon. Na het poepchique Fullerton Hotel, prijzen vanaf 230 euro, verandert het uitzicht van de stad. Geen koloniale gebouwen meer, wel flitsende, nieuwe architectuur. Massa''s toeristen met selfiesticks drummen rond de Merlion, een mythisch figuur met de kop van een leeuw en het lijf van een vis, dé mascotte van Singapore. Ik laat het beest rustig water spuwen, want ik moet de baai nog volledig rondwandelen. Als ik de baai oversteek langs de helixbrug ben ik heel dichtbij het Marina Bay Sands en het Art Sciee Museum, maar sla ik verder linksaf richting The Gardens by the Bay. Ja, het is een vreemde kronkel. Ik hou immens veel van steden, maar ik geniet in de stad ongelooflijk van tuinen en parken. Er zijn nog heel veel wijken te exploreren in Singapore, maar deze Gardens kan ik niet links laten liggen. Het zijn de supertrees die me lokken. In de Supertree Grove wandel je tussen reusachtige ijzeren constructies die verticaal beplant zijn en er zo boomachtig uitzien. Het groene concept van verticale tuinen is bij ons in de stad intussen ook bekend. De dieproze, ijzeren takken van de kruinen waaieren wijd uit. Ik voel me in een sprookjesbos. Op de gerecupereerde grond is het niet mogelijk om hoge bomen met diepe wortels te laten groeien. Toch had men nood aan iets hoogs, synchroon met de hoge gebouwen. Om het fabelachtige gevoel te vergroten, betaal ik om op de hangbruggen tussen de bomen te wandelen. Zo krijg ik meteen een spectaculair zicht over de baai en over de modernistische koepels van de binnentuinen. In deze tuinen ben ik een paar uur zoet. Voor ik aan de terugtocht begin, wandel ik onder het Marina Bay Sands Hotel door. Ik duizel van het constant naar boven kijken. Zo fascinerend is dat schip in de lucht. Binnenin geniet ik van de aircoverkoeling, maar veel meer heb ik totaal bezweet niet te zoeken in het chique winkelcentrum. Er rest mij nu alleen nog heel veel baai  en kade om terug te keren.' , '2017-07-09', '2017-10-14', 1, NULL, 5, 5, TRUE, FALSE)
,('Lucky Day', NULL , 'Het is een heel gewone dag. Er staat alleen een reis van Malakka naar Singapore op de planning. Zonder drukte of gedoe. De uitbaatster van Hotel Hong is voorzienig geweest. Ik gaf geld mee en zij haalde een busticket. Ik hoef ook niet met de lokale bus terug naar de busterminal. Zij zal mij brengen. Ik moet alleen op tijd opstaan, mijn rugzak inpakken en zorgen voor ontbijt en lunchpakket.Van het nachtelijke vuurwerkonweer zijn alleen nog plassen op het asfalt te bespeuren. De lucht straalt alweer knalblauw. Bij Shui Xian Vegetarian ruimen ze in allerijl een tafel af om mij een goed plaatsje te geven. Op zaterdagochtend staat er ook een buffet. Er zitten niet alleen veel klanten, er wordt ook veel afgehaald. Omdat het razend druk is, word ik niet meteen bediend. Ik heb voorlopig nog geen haast en geniet van het schouwspel. Ik ontdekte het eethuisje meteen bij aankomst in Malakka. Onderweg van de busdrop naar mijn hotel lunchte ik er op nog geen tweehonderd meter van de toeristische drukte. Het gaf mij ogenblikkelijk een gevoel van gelukzaligheid en een reden om van deze stad te houden. Hier hing geen peking duck aan de haak, wel was ik er als westerse toerist de vreemde eend in de bijt. Er was niet veel keuze meer, het was bijna sluitingstijd. Er ging een belletje "alles is vers" rinkelen. Ik koos assam laksa, een kruidige noedelsoep met een zurige toets van tamarinde, een typisch gerecht van de regio, maar dan in de vegetarische versie. Ondanks de waarschuwing was ze allesbehalve pikant. Het was ook meer dan een pot groenten. Ik ben geen grote fan van vleesvervangers, maar dit nepvlees gaf een krokante beet aan de soep. De man en vrouw aan het tafeltje naast mij houden mij al een tijdje in de gaten. Als ik hen betrap, beantwoorden ze mijn glimlach met een nog bredere. Eerst een standaardgesprekje dat ik alleen reis, dat ik uit België kom... Ze zijn bezorgd dat ik nog steeds niet heb besteld en wenken naarstig naar iemand van het personeel. Ik bestel alvast een ijsthee. Een van de uitbaters spreekt behoorlijk Engels, maar vindt niet meteen de juiste woorden om uit te leggen wat er allemaal op het buffet ligt. Of het ontbreekt hem aan tijd. Hij stelt zelf een bordje voor mij samen. Het koppel naast mij blijft in de weer. Mijn drinken is er nog niet. Intussen rekenen ze af en knikken nog een keertje als ze vertrekken. De ober gebaart dat mijn rekening ook betaald is. Ik buig instinctief mijn hoofd uit dankbaarheid, prevel een aantal keer bedankt en wens hen good luck. Ik ben onder de indruk. Had het niet andersom moeten zijn? Ik ben zodanig gegeneerd dat ik terstond weer aanschuif aan het buffet. Ik koop samosa''s en iets ingepakt in een papiertje. Geen idee wat het is, maar de ene na de andere klant neemt er eentje van de stapel. Dat wordt mijn verrassingslunch. Ik betaal minder dan anderhalve euro... ik zal mijn ogen nog opentrekken in het prijzige Singapore. De chauffeur wil dat ik met zijn bus, een half uur vroeger dan de geplande, meerijd. Zijn woorden klinken kordaat vanonder zijn tulband. Toch pruttel ik tegen. De voorste rijen zijn bezet en ik had een zitje op de eerste rij besteld. Ik dreig met reisziekte. Hij doet een vrouw teken dat ze moet opschuiven. Zo kom ik naast een gehoofddoekt meisje te zitten. Ze studeert in Malakka en is onderweg naar huis. Ze doet het vijf uur durende traject maar een keer in de maand. Nu blijft ze wel een weekje bij haar familie. Johor Bahru is de laatste Maleise stad voor de grens met Singapore. Ze studeert landschapsarchitectuur en we praten onvermijdelijk over reizen. Wat een pittige achttienjarige. Ik hoop dat ze ooit zal kunnen reizen. De offerbloemen aan de voorruit zwieren van links naar rechts. Waarom zijn rijstijl gezwind is, zal snel blijken. Wie naar Singapore reist, moet van bus veranderen. Hij doet het allemaal nogal luid en direct. Het moet zo snel dat ik afscheid kan nemen van het meisje. De vragende blik van de andere toeristen spreekt boekdelen. Dit is de fase van overgave. Je hebt het raden naar wat de beweegredenen zijn, maar ergens weet je wel dat dit niet het normale verloop is. Misschien zorgt de chauffeur er zo voor dat hij niet tot Singapore moet rijden en wat extra uren vrij heeft. Ik kwam ook te weten dat de studente geen ticket had gekocht, maar de chauffeur het geld had toegestopt. Daar zullen ze beide profijt uit halen. Als alle toeristen uiteindelijk goed en wel op de andere bus zitten, komt onze chauffeur nog eens kort uitleggen wat er verder aan de immigratie en douane gebeurt, hij arrangeert voor mij een plaats vooraan en schudt uiteindelijk alle toeristen een voor een de hand. Hij wiegelt met zijn hoofd en zijn dikke, grijze snor krult mee met zijn glimlachende mond. Als hij wat later onze bus voorbijsnelt, claxonneert hij vrolijk. Ik haal verse Singaporese dollars uit de bankautomaat. Een briefje van vijftig wissel ik in tientjes. De bus rijdt intussen voor mijn neus weg. Als twintig minuten later de volgende bus arriveert en ik een ticketje wil kopen, zegt de buschauffeur dat ik gepast moet betalen. Ik zwaai tevergeefs met mijn briefje van tien dollar. "Koop een biertje en je hebt meteen wisselgeld", oppert de buschauffeur. Dat wordt nog eens twintig minuten wachten. Op het moment dat ik wil afstappen, vraagt een jongeman hoeveel ik nodig heb. Hij gaat door zijn kleingeld en stopt me een dollar en zestig cent toe. Ik ben verbouwereerd. De buschauffeur precies ook. Ik gooi het gepaste bedrag in het bakje. De deuren van de bus gaan dicht. Het enige wat ik nog kan doen, is vriendelijk zwaaien naar mijn weldoener. Mijn hand gaat heen-en-weer in slow motion, maar mijn hart gaat wild tekeer.  ***Een gewone dageind augustus, in Gent. Ik gris veertig cent uit mijn portemonnee. Het meisje stamelt bedankt. Het is een niet alledaagse situatie. Je doet het voor vrienden en familie, maar niet voor een onbekende. Zomaar. Niet eens omdat die persoon in nood is. Gewoon omdat het op dat moment voor de kassierster en de klant beter uitkomt. Zoals het mij ook vooruithielp toen die ene gewone dag, daar op die bus in Singapore. Ik loop er nog op wolkjes van. Het is dát wat reizen met je doet.' , '2017-07-08', '2017-09-16', 1, NULL, 5, 5, TRUE, FALSE)
,('Wie houdt er niet van Malakka?', NULL , 'Op het overbevolkte pleintje tussen de terracottakleurige gebouwen van Christ Church, het Stadthuys en de klokkentoren word ik niet alleen terug gekatapulteerd in de koloniale tijd, maar ben ik ook terechtgekomen in een toeristisch walhalla. Een groot contrast met de hoofdstad waar het toerisme niet zo zichtbaar is. Kitscherig gepimpte fietstaxi''s vertrekken in colonne en zetten hun aanwezigheid extra in de verf met knallende muziek. Of dit betekent dat Malakka ook voor mij een paradijs is, zal ik tijdens mijn bezoek ontdekken. *** Jonker Street barst uit zijn voegen van de eetstalletjes en souvenirshops. Ik bewaar de winkeltjes voor de avond, eerst dompel ik mij onder in de geschiedenis van Malakka dat van klein kustdorpje uitgroeide tot het centrum van een belangrijk handelsrijk. De Portugezen, Nederlanders en Britten waren er om beurten in geïnteresseerd. Het ontstaan van de stad lijkt op een sprookje. Daarvoor keren we terug naar het begin van de vijftiende eeuw: Er was eens een hindoeïstische prins uit Sumatra. Parameswara ontvluchtte het eiland Tumasek, het huidige Singapore, na een aanval van de Javanen. Op een dag was hij aan het jagen aan de kust, toen een van zijn honden een trap kreeg van een wit dwerghert. De prins riep: "Dit is een goede plek! Zelfs de dwergherten zijn hier vol vechtlust!" Deze dapperheid zag de prins als een gunstig voorteken om een nederzetting te bouwen. Hij stond toevallig bij een Indiase kruisbes, een potok melaka, en doopte de nederzetting naar die boom. Zijn volgelingen plantten rijst en fruitbomen en ontgonnen tin. Melaka werd een welvarende, nieuwe nederzetting. Het nieuws verspreidde zich snel en trok handelaren aan. Zo werd de stad de belangrijkste haven in de regio en speelde een sleutelrol in de specerijenhandel. Intussen speelt Malakka geen rol meer als haven. De straat van Malakka is niet diep genoeg voor grote zeeschepen. Sinds 2008 kreeg de stad UNESCO-bescherming voor het historische gedeelte. De meerderheid van de bevolking is Chinees. Daar zit admiraal Cheng Ho voor iets tussen en zijn ontdekkingsvloot van zestig zeilschepen, meer dan honderd kleinere scheepjes en bijna dertigduizend manschappen. Parasmewara had aan de Chinese admiraal hulp gevraagd om de haven te beschermen tegen aanvallen van Siam, het oude Thailand. De helft van de manschappen trouwde met lokale vrouwen en vestigde zich in Malakka. Zij staan bekend als de Straits Chinese, Peranakan Chinezen of als de gemeenschap baba nyonya. Baba zijn de mannelijke, nyonya de vrouwelijke afstammelingen. De voorgevels met felgekleurde tegeltjes en houten luiken van de Peranakan woningen zijn langs de straatkant niet zo breed, maar de woningen zelf zijn heel diep. De belasting die ze aan de Nederlanders verschuldigd waren, werd berekend op de breedte van de gevel. In de drie aaneengeschakelde huizen woonden drie generaties bij elkaar. Of dus achter elkaar. De huizen zijn een mengeling van Chinese, Maleise en victoriaanse stijlen. De rijkdom hangt aan de muren in de vorm van zijden borduurwerk, handbeschilderde lantaarns en zilveren spiegels. Van het donker houten meubilair dat ingelegd is met paarlemoer straalt luxe af. Het spreekt voor zich dat deze huizen van hoge pieten zijn. Als er Chinezen zijn, zijn er ook tempels. De Cheng Hoon Tengtempel imponeert met kleurrijk versierde nokken en dakranden met mythische figuren, krijgers en ridders. Ik weet niet waar eerst kijken. Het is de oudste Chinese tempel van Maleisië, ingewijd in 1673 en herbouwd in 1801, en is nog steeds in gebruik. De tempel verenigt de geboden van het taoïsme, confucianisme en boeddhisme. In dezelfde straat ligt een moskee en een hindoetempel. In de volksmond ook wel ’harmony street’ genoemd. Op deze religieuze mix zijn ze hier in Malakka trots. Op het Dutch Town Square, of rode plein, staat een oude Hollandse molen die in de smaak valt bij selfie-fanaten. In het Stadthuys dat dateert uit de zeventiende eeuw, zit een museum waar zowel een galerij gewijd aan Cheng Ho is als het Nederlandse koloniale verleden tot leven komt. De Christ Church werd halver ege de achttiende eeuw gebouwd door de Nederlanders. Eerst was ze protestants, daarna - als de Britten er waren - werd ze anglicaans. De soberheid trekt niet aan om de kerk binnenin veel langer dan een oogopslag te gunnen. Dan beklim ik liever de groene heuvel achter het Stadthuys naar de Saint Pauls Church. De kapel dateert uit de Portugese periode, maar werd uiteindelijk onder de Nederlandse bezetting een protestantse kerk. Er blijft alleen een ruïne over. Ik geniet van het uitzicht over de stad. Mijn blik reikt tot aan de zee. De Porta de Santiago is het enige wat nog overblijft van de vestiging A Famosa die de Portugezen in 1512 bouwden. De Portugese wijk ligt een aantal kilometer buiten het stadscentrum. De restaurantjes zijn de attractie. Ik zal er tijdens mijn korte verblijf niet geraken. Ik kronkel met de rivier mee langs de riverside walk naar het noorden van de stad. Dit leidt me weg van de koloniale geschiedenis en voert me naar de wijk Kampong Morten. Er staan hier meer dan honderd traditionele M huizen. In sommige kan je een homestay boeken. Eentje kan je ervan bezoeken. Villa Sentosa verschilt van de kleinere huizen niet alleen door z''n grootte maar ook door z''n pastelgroene kleur. In de ramen wapperen roze gordijntjes. De rondleiding gebeurt door de huidige eigenaren, broer en zus. Als ze thuis zijn. Ik moet twee keer langs gaan om de man thuis aan te treffen. Zijn uitleg is in perfect Engels en zo aanstekelijk. Ik ga mee in het verleden van een oude adellijke familie. Sentosa betekent ''vrede en voorspoed''. Er is hier waarschijnlijk veel op de gong geslagen. De legende vertelt immers dat degene die de gong drie keer hoort luiden, geluk mag verwachten en een wens doen. *** Malakka lijkt uit een boekje te komen. De gevels van de huizen blinken. Alles is stijlvol gerestaureerd. De bezienswaardigheden vertegenwoordigen de kleurrijke geschiedenis. Natuurlijk begint het toerisme door te wegen. Historische winkelhuizen worden ingenomen door winkels en restaurants. Dichtbij maar tegelijk ver van het centrum ben ik bezeten door de riverside walk die gezellig is en helemaal niet groezelig. Bloemen en andere versieringen hebben de bovenhand. Het is opvallend, Malakka is een propere stad. "Don''t mess with Melaka." Telkens ik de slogan in het stadsbeeld tegenkwam, voelde ik mij niet op mijn gemak. Ik ben nochtans een brave passant. De waarschuwing klinkt hard. Jarenlang probeerden ze het met bordjes ''Do not litter'', maar de rommel bleef rondslingeren. Drie jaar geleden lanceerde de overheid de harde campagne. De minister wou tonen dat het hem ernstig was. De slogan roept op tot discipline en gemeenschapszin. De boodschap is ook meerlagig. Ze kan ook waarschuwen tegen misdaad of aanvallen tegen de mensen van Malakka. Zo wil hij dat Malakka een aangename plek om te vertoeven is... opzet geslaagd.' , '2017-07-07', '2017-10-14', 1, NULL, 5, 5, TRUE, FALSE)
,('De verleidingstrucs van Kuala Lumpur', NULL , 'Ik zet mijn eerste voeten op Maleisische bodem in het metrostation Masjid Jamek, zoals de Vrijdagmoskee heet die er pal naast ligt. De luxueuze uitstraling van de moskee maakt duidelijk dat de islam de officiële religie van Maleisië is. Dat is al meteen een groot verschil met mijn teerbeminde Thailand. De drang om Kuala Lumpur met Bangkok te vergelijken is groot. Eens je zo ver van huis bent, voelt een afstand  van duizend kilometer aan als een boogscheut. Zal ik voor Kuala Lumpur ook maar iets voelen wat in de buurt komt van mijn liefde voor Bangkok? McDonalds en KFC in een oogopslag. Dat stukje westen duikt overal op. Of je het nu wil of niet. En een 7-eleven om mij gerust te stellen dat ik toch in Azië ben. Deze kleine supermarkt duikt om de haverklap, maar steeds op het gepaste moment op. Als je bijna een moord zou begaan voor een fris flesje water. Als er in de ruime omgeving geen restaurant te bespeuren valt en je bent al ver voorbij een normaal lunchuur. Of gewoon om even op adem te komen in de te koud afgestelde airconditioning. "Always there for you." Hun slogan is niet uit de lucht gegrepen. Het irritante deuntje dat de deur bij het binnen- en buitengaan maakt, hoor ik uren nazinderen. Of ik het nu wil of niet. *** De eerste geuren die ik in Kuala Lumpur opsnuif, zijn de wierookwalmen uit de winkeltjes met offerandespullen voor de Hindoetempels. Het zet mijn zintuigen scherp. Vanavond eet ik Indisch. Rond het Medan Pasar Lama, het oude marktplein met centraal de klokkentoren, liggen oude Chinese winkelhuizen. Als het pleintje niet wordt ingepalmd door een event, lijkt het meer op een parkeerplaats voor brommers. De Pasar Seni, de centrale markt, ligt verderop. In de grote art-decohal is al lang geen versmarkt meer. De toeristen stromen er toe voor de souvenirwinkeltjes. Ik hou me nog even in. Galerijen vol rode lampionnen kondigen het levendige Chinatown aan. Handtassen, T-shirts en elektronische spullen te grabbel. Hier zegeviert het label made in China. Maar er is meer. Tussen het consumentisme geven zowel Chinese boeddhistische, taoïstische als Hindoetempels kleur en rust aan deze wijk. Het Plein van de Onafhankelijkheid lijkt op een gigantisch voetbalveld maar dan wel omringd door koloniale gebouwen van een buitengewone schoonheid. De Royal Selangor Club getuigt nog van de cricketwedstrijden die de Britten organiseerden. In 1957 werd de Union Jack neergehaald en sindsdien wappert hier de vlag van het onafhankelijke Malaya. De koloniale rijkdom spat van het Sultan Abdul Samad-gebouw af. Ooit zetelde hier het Britse koloniale bestuur, nu zitten hier overheidskantoren. De klokkentoren heeft het gebouw wat grandeur zodat het niet opgaat in de hoogbouw van het hedendaagse Kuala Lumpur. Het zijn de koperkleurige koepels, de zachtoranje baksteen en de spitsbogen die het een dromerige karakter geven. Het zou niet misstaan in het Spaanse Córdoba. In dat plaatje past ook Masjid Jamek, de Vrijdagmoskee. De Mogol-architectuur combineert islamitische en hindoe-elementen. Zoals bij de Taj Mahal. Op het binnenplein verwelkomen hoge palmbomen de gelovigen en creëren een ingetogen sfeer. De Nationale Moskee, Masjid Negara, heeft een heel andere stijl. De achttien punten van het knalblauwe, stervormige dak symboliseren de dertien staten van Maleisië en de vijf zuilen van de islam. Er is veel geld aan te pas gekomen. Blijkbaar zouden zelfs niet-moslims gedoneerd hebben. De strakke stijl, de witte gaanderijen, de fonteinen die klateren in de blauwbetegelde bassins. Het zou de perfecte locatie zijn voor een poepchic hotel. Mijn gedachten ontheiligen dit oord. Ik loop in een allesbedekkend gewaad, het zweet gutst uit mijn poriën en ik kan aan niets anders denken dan aan ligzetel, bikini, cocktail. De musea die ik bezoek, zijn eerder sympathiek dan overweldigend. Het Textielmuseum ligt in een pareltje van een gebouw en geeft een leuke kijk op technieken zoals batikken, borduren met gouddraad en op de klederdracht van de verschillende etnische groepen. De KL City Gallery is een klucht. De shop is tien keer groter dan het museum. Niet dat ik daar meteen een probleem van maak. Het Muzium Negara, het Nationaal museum, heeft een imposante binnenhal waarrond vier galerieën liggen. Ik doorloop de geschiedenis van Maleisië in mijn snelle-museum-tempo. Het Muzium Kesenian Islam is de uitblinker in het rijtje. Het gebouw met mozaïekkoepels herbergt een uitmuntende kunstcollectie uit de islamitische wereld. Je hoeft de oude koranteksten niet te kunnen lezen om van de kalligrafische, Arabische geschriften en fijne illustraties te genieten. Ik laat me verleiden door het Bird Park, Butterfly Park en kom ook in de orchideeën- en hibiscustuin terecht. Ze liggen in een grote, groene oase, de Lake Gardens. Tussen de vlinders loop je vrij rond. In het vogelpark zijn het vooral de ooievaars, pauwen en verschillende soorten reigers die vrij vliegen. De neushoornvogels zitten in kooien. Als zon ooievaar met een vleugelspanwijdte van twee meter over je hoofd scheert, heb je de neiging om te bukken. Dus waarschijnlijk ga ik lopen als er zo''n neushoornvogel aan komt vliegen. Tijdens de lunch krijg ik een plantenspuit om vogels die een graantje mee willen pikken weg te jagen. Ze willen de hoogste zijn! En het lukt hen, niet solo, maar wel als duo. Bij inwijding van de Petronas Twin Towers in 1998 waren zij de hoogste gebouwen ter wereld. Ze zijn intussen naar de negende plaats gezakt en moeten zo de Burj Khalifa, de Shanghai Toren en ook het One World Trade Center laten voorgaan. Ze blijven wel de hoogste tweelinggebouwen. Ik zwijmel als ik naar boven kijk. De luchtbrug tussen de twee torens spreekt tot de verbeelding. Ik moet erop! Op de 41ste verdieping wandel je tussen de torens. Nu... dat ziet er misschien spectaculair uit van beneden, maar je beseft niet dat je op hoogte over een brug van bijna zestig meter lang loopt. De brug dient als vluchtroute bij brand in een van de torens. Dat is meteen ook de reden dat er ''maar'' 1200 bezoekers per dag toegelaten zijn. Op de 86ste verdieping krijg je een panoramisch zicht over de stad cadeau. *** Op zich heeft Kuala Lumpur veel strepen voor op Bangkok. Er is een grote diversiteit in de bezienswaardigheden. Van de oude koloniale bebouwing, Chinatown en Little India tot de moderne en vooral hoge gebouwen. De stad is properder en georganiseerder. Het verkeer is druk, maar het verloopt gestroomlijnder. Dat komt misschien door de grote afwezige: de tuk-tuk, de kleurrijke gemotoriseerde driewieler die de typische hectiek van Bangkok bepaalt. Je wordt hier niet aangeklampt als toerist door opdringerige verkopers, taxichauffeurs of beroepssjacheraars. Het is aangenaam vertoeven in deze stad. Maar Kuala Lumpur is geen doolhof. Ik kan er dus niet eeuwig in verdwalen. Ik heb het gevoel dat mijn lijstje met bezienswaardigheden afgevinkt is. Heeft deze stad voldoende troeven om mij nog een keertje te verleiden?', '2017-07-04', '2017-08-19', 1, NULL, 5, 5, TRUE, FALSE)
,('Tokyo, 23 steden', NULL , 'Tien dagen in Tokyo... alsof de stad zelf niet crazy genoeg is, werd ik met mijn reisplannen gek verklaard. "Alleen Tokyo?", weerklonk meermaals, alsof ik mijn kostbare reistijd verspeelde. Ik had nochtans wilde plannen op het moment dat ik mijn reis boekte. Ik zou naar Hakone reizen om de berg Fuji eindelijk te zien. Dan zou ik de tempels in Nikko bezoeken. Twee jaar geleden had ik deze omweg overgeslagen. Dan zou ik vlug naar Kamakura reizen om de grote Boeddha te zien. In Kamakura geraakte ik wel. Aan het station koos ik richting het strand. Daarna was ik te gezandstraald om nog een eervol bezoek te kunnen brengen aan de Daibutsu. Dit zou ik allemaal goed maken op die ene trip van tien dagen. Gelukkig verklaarde ik mijzelf toen gek. Om me tegen mijzelf te beschermen, boekte ik onmiddellijk elf overnachtingen in Tokyo. Ontsnappen kon alleen nog met dagtrips. Ik hervond mijn rust. In mijn uiteindelijk plan verdwenen ook de daguitstappen. De drukke dagen maakten plaats voor een lunchdate met Michèle, mijn gekste collega die nu fulltime levensgenieter is, en haar man. Ik sprak ook af met Kathleen die intussen al drie maanden in Japan vertoefde. Met weinig echte to do’s en must see’s vertrok ik naar Tokyo. Elke dag een andere stad het is niet alleen omdat Tokyo immens groot is, dat je zou kunnen zeggen dat deze metropool bestaat uit drieëntwintig steden. Het is ook effectief zo. Elke stad of wijk heeft een eigen burgemeester en gemeenteraad. Ze worden speciale wijken genoemd, omdat ze samen ook een stedelijk geheel vormen. Een beetje een Belgisch systeem. Watervoorziening valt zo onder de prefectuur (Tokyo Metropolitan Government) en de vuilnisophaling is een bevoegdheid van de wijken. De totale oppervlakte van de 23 wijken is 621 km2. Hier wonen bijna 9 miljoen mensen (in de hele metropool 13 miljoen). Het is een understatement dat ik maar een paar van deze speciale wijken zal kunnen bezoeken op mijn tiendaagse in Tokyo. (tokyomap.com) Taito-ku, de kleinste wijk die onder andere Asakusa, Ueno en Yanaka omvat, is mijn uitvalsbasis naar de andere speciale wijken van Tokyo. Als alle toeristen terug naar hun ’stad’ zijn, en ja, ook wanneer alle souvenirwinkeltjes gesloten zijn, struin ik rond de verlichte Senso-ji tempel. Ik hou van deze wijk omdat er weinig hoogbouw is. Tempels en schrijnen spelen hier de hoofdrol. Langs de rivier zijn de kerselaars fel verlicht en zitten de picknicklakens overvol ook al wordt het s avonds ijskoud. Yozakura of hanami by night is voor de diehards. Bier en sake vloeien rijkelijk. De eerste stad in de stad die ik bezoek, is Shinjuku. Het station Shinjuku is een van de belangrijkste spoorwegstations in Tokyo, elke werkdag stappen hier drie miljoen mensen in en uit. Ik stap uit aan een minder druk metrostation dichtbij het Shinjuku Gyoen park en wandel in het kielzog van een paar honderd salary men richting businesscentrum. De wolkenkrabbers werpen lange schaduwen. Tokyo kan begin april best wel de warmte van de zon gebruiken. Ik sla af aan het Hanazono schrijn waar de zonnestralen wel tot bij mij kunnen, en waar ik ook ontsnap aan de schreeuwerige beeldreclames. Achter de tempel ligt de uitgangsbuurt Golden Gai. Op het middaguur kan ik de smalle straatjes verkennen zonder feestvierders voor de voeten te lopen. In amper zes stegen zitten wel tweehonderd mini-bars, clubs en eethuisjes naast elkaar. Een compleet ander beeld dan het blitse, torenhoge Tokyo. Ook al is dit niet mijn lievelingsbuurt, toch kom ik hier terug. Dan zal ik de vijfenveertig verdiepingen van het Tokyo Metropolitan Government Building naar boven zoeven. Dan zal ik mij laten gaan in de department stores Takashimaya en Tokyu Hands, een beetje de Japanse Inno en Hema. Maar dan veel groter. Op de terugweg zal ik mij met heel veel boodschappentassen tussen de werkmensen drummen. Sumida-ku ontleent zijn naam aan een van de brede rivieren die door dit stadsgedeelte stromen. Vanaf Asakusa steek ik de Sumida rivier over en wandel langs de gebouwen van de Asahi Beer Hall. Als je goed kijkt, zie je dat het goudkleurige gebouw de looks heeft van een bierglas met een bescheiden schuimlaagje op. Op het zwartglazen gebouw ligt een gigantische, goudkleurige vlam. Alles is van de hand van de Franse ontwerper Philippe Starck. De 634 meter hoge Tokyo Skytree is het hoogste bouwwerk van Japan en meteen ook mijn oriëntatiepunt. Als ik de televisietoren zie staan, weet ik hoe ik mij moet richten om terug naar mijn hostel te wandelen. Twee jaar geleden wou ik geen 18 euro voor het observatieplatform betalen. Daarvoor was de Solomachi Mall onder de toren al te aanlokkelijk geweest. Nu twijfel ik opnieuw. Alweer door diezelfde winkeltjes. Ik beslis toch om de lift naar 350 meter hoogte te nemen. Er zijn te veel wolkjes aan de lucht om de berg Fuji te spotten. Op wandelafstand of, wat een betere graadmeter is, op ongeveer 2,5 kilometer, liggen het Edo-Tokyo Museum en het Sumida Hokusai Museum. Het voordeel van te voet gaan, is dat je onderweg het gewone Japanse stadsleven ziet. Tussen de toeristische hotspots. Zo ontdek ik een mini-etalage met keramiek potjes. Is het een winkel of zie ik de decoratie van een koffiebar? Het blijkt alles in één. Ik zet mij op het enige vrije plaatsje. Twee dames zijn aan het lunchen. Ik bestel een kopje koffie en snuister rond. Ik heb geen bankkaarten op zak. Gelukkig grenst deze stad aan de wijk waar ik logeer. Chiyoda-ku is samen met Chuo-ku het hart van Tokyo. De andere wijken met de meeste bezienswaardigheden omsluiten deze twee wijken. Een tiende van Chiyoda wordt ingenomen door het Keizerlijke Paleis en zijn tuinen. Met het parlement, de ambtswoning van de minister-president en andere overheidsinstellingen is het ook een beetje het politieke hart. Ten noorden ligt de gezellige winkelbuurt rond de hellende straat Kagurazaka. Ik bedenk dat ik nog niet veel bergop gestapt heb in Tokyo. Het is een oud geisha-district. In de smalle straatjes zijn een aantal geishahuizen bewaard gebleven. De aantrekkingskracht komt van de winkels, de kleine tempels ertussen en de ongedwongen sfeer die er heerst. Ten zuiden ligt de chique winkel Marunouchi en de zakendistricten rond het Tokyo station. Tussen de chique westerse merken heb ik niet meteen iets te zoeken, ook al spreekt de grandeur van de gebouwen mij wel aan. In Chuo-ku ligt de commerciële wijk Ginza en de Tsukiji markt. Deze keer verken ik de beroemde vismarkt, maar niet zo vroeg dat ik de spectaculaire tonijnveiling meemaak. Zelfs zo laat dat er geen verse vis meer te bespeuren valt. Dat is voor een volgende keer. Het is prachtig weer en ik kan het niet laten om de nabijgelegen  Hama Rikyu tuin in te duiken. Omdat ik voor de zoveelste keer te lang in een park blijf plakken, bezoek ik in Minato-ku de tempel Zojo-ji, de Tokyo Tower en de Roppongi Hills in een sneltempo. Dat is grotendeels mijn eigen schuld omdat ik de tocht te voet wil ondernemen. Zelf vind ik het geen tijdverlies. Ik hou ervan om door de straten van Tokyo achter mijn gps aan te crossen. Uiteindelijk heb ik niet veel gemist. De special observatory van de Tokyo Tower is gesloten wegens renovatie en de buurt rond Roppongi is vooral interessant als de nacht begint te leven. Shibuya-ku is het meest bekend om zijn drukke kruispunt. Als de voetgangerslichten op groen springen, kruisen vanuit tien verschillende hoeken en kanten honderden voetgangers elkaar vlekkeloos. Op piekmomenten zijn het er zelfs duizend. Aan het station van Shibuya staat een standbeeld van Hachiko, de hond die in Japan het statuut van een bekendheid heeft. Hij wachtte na de dood van zijn baasje negen jaar lang op zijn terugkeer hier bij dit treinstation. Hij staat in opgezette versie ook in het National Museum of Nature and Science. Via deze link kan je de live streaming van Shibuya Crossing volgenEen deel van deze wijk wordt ingepalmd door het Yoyogi-park waar het Meiji schrijn ligt. Daar eindigt dan meteen ook de rust en sereniteit van Shibuya. In Harajuku kan je op Takeshita-dori over de winkelende koppen van jeugdige tieners lopen. Parallel loopt Omotesando, daar is de iets kapitaalkrachtige shopper aan de beut. Ik concentreer me in dit modecentrum op de architectuur van de gebouwen. Elk groot merk heeft een kast van een gebouw om zich van de anderen te onderscheiden. Dankzij Kathleen ontdek ik de buurt Nakameguro en kan ik meteen ook de speciale wijk Meguro-ku afvinken. Op de Meguro-rivier drijft een bloesemtapijt. De overhangende kerselaars vormen een dromerig wit dak boven de rivier. Het krioelt hier van het volk. Als mieren lopen ze in colonnes. Wij lopen tegen de stroom in. De sfeer is zo uitgelaten dat we niet op het matje geroepen worden door de politie die alles in goede banen probeert te leiden. Ze zijn meer geconcentreerd op de bruggen waar iedereen samendromt voor het perfecte poseerplaatsje. De selfiesticks vliegen in het rond. De vele winkels langs de lanen van de rivier krijgen tijdens het sakura-seizoen iets minder aandacht. Nu staan er her en der drank- en eetstalletjes. Roze cava, roze hapjes en zelfs roze bier. Alles binnen het kersenbloesemthema. Wij zoeken een strategisch plaatsje voor het raam een koffiebar om ongegeneerd mensjes te kijken. Bunkyo-ku grenst aan de wijk waar ik logeer. Ik verken de Koishikawa Korakuen tuin en het Nezu schrijn. Vanop de 25ste verdieping van het Bunkyo Civic Center heb je een gratis uitzicht over Tokyo. De dag die ik heb uitgekozen, is een geluksdag. Na al twee eerdere pogingen. Ik zie - ook al is het van heel ver en schuiven er altijd maar meer wolken voor - de berg Fuji boven de horizon uit rijzen. Daar kan geen wolkenkrabber tegenop. Als reiziger doet het er niet toe in welke speciale wijk je juist vertoeft. Alles loopt grenzeloos over in elkaar.   Zoveel bezienswaardigheden, tempels, parken, musea en buurten. Te veel om op te sommen. Met een lijstje keer ik terug: wat ik nog wil bezoeken en zoveel dat ik opnieuw wil doen. Dat het overduidelijk mag zijn: ik heb in Tokyo allesbehalve mijn kostbare reistijd verspeeld.' , '2017-04-13', '2017-05-31', 2, NULL, 5, 5, TRUE, FALSE)
,('De Homo Botanicus op ontdekkingstocht in Tokyo', NULL , 'Ik loop hier behoorlijk zelfgenoegzaam rond. Alsof de kersenbloesems speciaal voor mij een beetje later beginnen bloeien zijn. Wanneer de zonnestralen present zijn, verdwijn ik zoveel mogelijk in parken en tuinen. En Tokyo heeft er heel wat. Om dan nog niet te spreken over het groen rond tempels en musea. Niet alleen de sakura steelt de show. De kersenbloesems staan in alle parken in het middelpunt van de belangstelling. Toch wil ik alle bloemen de aandacht schenken waar ze met hun vieve kleuren zo begerig naar vragen. Zo bots ik op de in het oog springende gele bloemen van de Edgeworthia papyrifera. Nee, ik pronk niet met mijn kennis. Ik hoef alleen het naamkaartje af te lezen en mijn goede vriend Google te raadplegen. Van de bastvezels van deze papierstruik maken ze mitsumata papier dat ze gebruiken voor het traditionele Japanse washi papier. Er rollen yentekens in mijn ogen als ik lees dat ze van het sterke papier ook bankbiljetten maken. De roze pompons van de Camellia japonica moeten weinig moeite doen om in het oog te springen. Na een lange winter verschijnen ze als eerste in de parken. De bloemen van de camelia blijven tot de lente openbarst. Dat is te lang om de sexy aantrekkingskracht te evenaren van de vergankelijke sakura. De Japanse roos werd ooit naar onze contreien overgebracht en geeft nu ook kleur aan onze wintertuinen. Volgens een Japans volksverhaal brengt deze plant geluk. Als je een witte camelia hebt staan, check dan toch maar eens of er geen pot goudstukken onder begraven zit. Mijn meest elegante ontdekking is de Iris japonica. De botanicus in mij maakt er een orchidee van. Toch merk ik dat haar sierlijke, groene bladeren en haar frivole bloemblaadjes veel zwieriger zijn dan die van de statige orchidee. Als een zachte wind met haar speelt, gaan haar bloemblaadjes fladderen. Alsof ze transformeert in een magnifieke vlinder. Ik hou van haar subtiele lavendelblauwe schijn. Het oranje en paars gestippelde patroon op haar binnenste bloemblaadjes is krachtig. Ik wil er graag eentje plukken. Niet alles staat in bloei. Het is de eerste dag van het Azalea Festival of Tsutsuji Matsuri. Ik ben niet meteen een azaleafan, maar het bloemenfestival is in de tuinen van het bijna tweeduizend jaar oude Nezu schrijn dat ik nog niet eerder bezocht. Ook de azaleatuin zou al driehonderd jaar oud zijn. Ondanks het slechte weer zijn er rond het schrijn toch al wat bezoekers. Natuurlijk dwepen ze hier ook met de kersenbloesems. De regenbui heeft hen nochtans geen extra glans gegeven. Op de knalrode toripoortjes parelen regendruppels. De schittering fleurt de grauwgrijze wolkenlucht wat op. Ik zie zo ver als ik kan kijken grote, groene struiken die in gelijkmatige bollen gesnoeid zijn. Af en toe piept een roze of rode bloemknop tussen het groen door. Ik werp een blik op mijn toegangsticket. Ik moet zo hard om mezelf lachen dat de regen zich met mijn lachtranen vermengt. De azaleas staan verre van in bloei. Bijna drieduizend planten, ongeveer honderd soorten, met zeldzame variëteiten zien er allemaal hetzelfde uit: regendauwgroen. Het is hilarisch als ik daarna ontdek dat je de azalea’s al van buitenaf kan zien. Of beter gezegd dat ik al kon zien dat er niets te zien was. Het voordeel is dat het in de tuin heerlijk rustig is als enige bezoeker. Als enige die zich heeft laten bedotten. Ach ja, er zijn mensen die meer betalen dan twee euro om eens goed te kunnen lachen. Aan de ticketbalie van de Meiji tuin pronkt een affiche waarop hoog opschietende irissen weelderig bloeien. Het is het duwtje dat ik nodig heb om de 500 yen entree te betalen. Mijn liefde voor de blauwpaarse bloem is recent. Ik ontdekte de moerasplant op de houtsnedeprent De Iristuin van Hiroshige. De verleiding kriebelt. Valsspelen is gemakkelijk. Om de haverklap staan er bordjes richting irissentuin. Toch geef ik niet toe en volg gedwee de wandelroute. Uitgesteld verlangen. Tot ik uiteindelijk de tuin nader. In vergelijking met de korte, groene stengels die nog maar juist uit de grond piepen, was de azaleatuin een voltreffer. Met mijn vijf euro heb ik alvast onderhoud van de tuin goed gesponsord. Op 11 april start het Peony Blossom Festival in het Ueno park. Als ik een extra omweg maak, kan ik ook hier als eerste bij zijn. Het is verleidelijk. De affiche met knalrode pioenrozen zit in mijn geheugen geprent. Toch laat ik mij geen derde keer beduvelen. Ik zal zonder klagen nog wat sakura spotten. Niet zo ver van huis. Dat de kerselaars in volle bloei zijn, is het eerste wat mij bij thuiskomst opvalt. Langs een aantal lanen in Gent, in de tuin van mijn ouders... Hier geen horde toeristen, selfies en picknicklakens. Natuurlijk weet ik dat al deze bloemsoorten ook groeien in Vlaamse tuinen. Maar de hoeveelheid waarmee ze je in Japan overdonderen, is onvoorstelbaar. Dat zorgt voor het spektakel. In het midden van het drukke kruispunt waar ik elke dag passeer, schieten een twintigtal irissen de hoogte in. Alsof ze opzettelijk op mijn pad gezet zijn om mij te jennen. Ik ben erdoor geïntrigeerd. Ze maken mij zo benieuwd naar die grote tuinen vol irissen in Japan. Ze maken mij ook boos. Zo uitdagend dat ze daar staan. Alhoewel, zijn ze niet al wat verwaaid? Dit gure Belgische weer doet hen duidelijk geen deugd.', '2017-04-10', '2017-05-21', 2, NULL, 5, 5, TRUE, FALSE)
,('Een zwak voor Yanaka', NULL , 'Ik wil Yanaka Ginza doorkruisen, ook al zijn er veel winkels waar je als toerist niets te zoeken hebt. In deze winkelwandelstraat zitten kruideniers en slagers, souvenirwinkeltjes, kappers en kleine kledingzaken naast en door elkaar. Ver weg van het blitse, luide Tokyo. De oude stadssfeer doet herinneren aan hoe Tokyo er vroeger moet hebben uitgezien, vóór de grote ketens en shoppingmalls de stad overnamen. Ik wil naar Warakuya. Die shop waar ik me twee jaar geleden liet verleiden door de strakke vormen en kleuren van keramiek en porselein en waar ik gecharmeerd was door de kunstzinnige uitbater. Ik wil een kijkje nemen bij Short and Art. Ik leerde het winkeltje kennen via andere reizigers, maar zelf stond ik voor een gesloten deur. Intussen volg ik het doen en laten op Instagram en Facebook. Ongelooflijk wat een jonge artiest met een klein stukje hout en veel verbeelding kan doen. Ik zal in Yanaka door kleine straatjes dwalen, langs tempels en het oude kerkhof lopen, maar bovenal zal ik hier veel geld achterlaten. *** De verleiding is groot, ook al staat deze wijk vandaag niet op mijn planning. Yanaka ligt immers om de hoek van het Ueno Park, dus waarom zou ik mij inhouden. Ik ben hier nu toch. Yanaka ontsnapte aan de grote aardbeving van 1923 die wel de rest van Tokyo platlegde. Ook tijdens de bombardementen van de Tweede Wereldoorlog bleef het meeste hier overeind. Misschien is het nog spectaculairder dat de wijk de naoorlogse modernisering heeft overleefd. Dit trok veel artiesten en kunstenaars aan. Dit trekt mij aan. Het is niet alleen dat wat mij lokt. In elke straat bots je op een paar tempels. Geen grote schreeuwerige pagodes, geen rode poorten of schrijnen, wel mooie donkerhouten gebouwen met grijsgroene gewelfde daken. Veel van deze tempels zijn in de achttiende eeuw, tijdens een reorganisatieproject, van in en rond Tokyo naar hier verplaatst. De oudste is de Tennoji met zijn groot, bronzen boeddhabeeld. Vandaag stelen de kersenbloesems rond de tempels alle aandacht. De grootste kersenbloesem-attractie van Yanaka is het kerkhof. Sakura-dori is een brede laan die door de begraafplaats loopt en is afgezoomd met adembenemende kerselaars. Hun eeuwenoude takken verstrengelen zich halverwege met elkaar en vormen een felroze koepel. Ook tussen de graven groeien en bloeien de kerselaars. Wat een zalige rustplaats voor de doden. Binnen een paar dagen dwarrelen alle roze blaadjes naar beneden en vormen ze een zacht deken. In de hoofdstraat inspecteer ik of alles min of meer bij het oude gebleven is. Beneden aan de trap zit de vrouw met haar zelfgemaakte stoffen tasjes. Een groot contrast met de dure handtassenwinkel wat verderop. Omdat de mooie theewinkel vandaag gesloten is, ga ik zonder tussenstops naar de mooie-potjes-winkel. Twee jaar geleden was ik volkomen in de war. Overal kwam ik kommetjes met hetzelfde dessin tegen, maar tegen zo uiteenlopende prijzen. Deze oude verkoper had maar twee woorden Engels nodig om mij te overtuigen. "Handpainted", wees hij zelfverzekerd op de dure schaaltjes die ik heel zachtjes aan het aaien was. Toen ik eentje van de goedkope toren nam, verkondigde hij: "machine." Nu sta ik hier terug tussen de stapels kommetjes en koppen. Met dezelfde verkoper. Natuurlijk besef ik dat ik niets nodig heb, maar nostalgie komt met een prijskaartje. Hij doet het opnieuw. Deze keer zijn de matcha-theekommen mijn doelwit. Hij raadt de hele dure af. Die verkooptruc heeft een positieve uitwerking op mij. Met het eerste breekbare item op zak trek ik naar mijn volgende adresje. Gesloten. Op naar het volgende adresje. Woensdag sluitingsdag... **** De regen van de afgelopen dagen heeft de kersenbloesems geen deugd gedaan. Ik wandel over een roze tapijt  wanneer ik een nieuwe winkelpoging in Yanaka onderneem. Deze keer checkte ik vooraf de openingsuren en sluitingsdagen. Als ik Warakuya binnen stap, staat de verkoper gebogen over zijn toonbank. Enkele grijze haarlokken springen nonchalant uit hun sierlijke dotje. Het is dezelfde man. Dat ik hier twee jaar geleden ook was, stuntel ik in het Japans. Gelukkig schakelt hij vlot over op het Engels. Ik bekijk en betast de kommetjes en schaaltjes met de  drang van een junkie die hunkert naar stuf. Niets kopen is uitgesloten. In de theewinkel val ik voor theeblikken die een vrolijk jasje van washi papier dragen. Nog zo een van mijn zwaktes. In de papierwinkel Isetatsu word ik verleid door een vel chiyogami met een veld flamboyante bloemen op. Het traditionele felgekleurde papier is geprint met houtblokken. De motieven dateren uit de Edo periode. Hier geen massaproductie. Die exclusiviteit betaal je met een kredietkaart. Als lunch hap ik snel wat fingerfood weg. Ik vink mijn winkellijstje af, terwijl ik nieuwe adresjes ontdek en aan mijn lijst toevoeg. En dan sta ik voor de etalage van Short and Art. Het is duur. Het is minuscuul. Ik draai rond mijn as in het piepkleine winkeltje. Kan ik wegstappen zonder te kopen? Ik ben hier nu. Twee jaar zit het al in mijn hoofd. Van wat zal ik het meest spijt hebben?. Ik koop twee minihuisjes. Ook al voel ik het in mijn portemonnee, ze  zullen niet veel wegen in mijn bagage.' , '2017-04-06', '2017-05-10', 2, NULL, 5, 5, TRUE, FALSE)
,('De kunstcriticus ontwaakt (in het macro in Rome)', NULL , 'Mijn oprechte excuses, Anish Kapoor. Je bent een gerespecteerd kunstenaar en je werk is wereldwijd in musea te vinden. Waarschijnlijk kwam ik al eerder kunstwerken van je tegen. Nu bots ik op je werk in het MACRO in Rome. Een hele zaal gewijd aan jouw kunst. Conceptuele kunst... het is en blijft voor mij een evenwichtsoefening tussen kunst en onzin. Waarbij ik me nog altijd afvraag wat de graadmeter hier voor is. Ik aanschouw de figuurlijke voorstellingen van vlees en bloed. Zo mooi staat het in de folder beschreven. De kunstenaar gaat op zoek naar de rauwe ruimtes in lichaam en geest. Waar zit hier de kracht van de metafoor, mr. Kapoor? Om te zien dat de expositie vaat over geweld en traumas moet ik mijn fantasie niet gebruiken. Ik zie letterlijk vlees en bloed. De reliëfs van siliconen en liters rode verf zijn wansmakelijk. Als het de bedoeling was om walging op te roepen, mr. Kapoor, dan is je missie geslaagd. Maar ik wil zo snel mogelijk naar buiten ... dat kan toch niet je opzet zijn? Je spiegelsculpturen houden me tegen. De dynamiek van de waarneming zet mij letterlijk op mijn kop of geeft de illusie van een alles opslorpende hoek. De lippen hebben een erotische connotatie of slaat nu mijn fantasie te veel op hol? Wat ik wel weet is dat deze Golden Corner mij de blingbling geeft die ik in deze zaal ter afleiding nodig heb. Organische reliëfs, neen, bedankt, mr. Kapoor. Het kan ook met bloemen, dacht Daniela Perego. Niet meer dan een handvol madeliefjes op een rood of zwart schilderijtje. In een semi-ordelijke compositie op de museumwand. Daar kijk ik graag naar. Carpe diem moet de kunstenares gedacht hebben toen ze lustig madeliefjes ging plukken. Geen idee of ze nog zo zen was na het haken van duizenden margrieten. Of heeft een kunstenaar daar ook al personeel voor? Als leek waag ik me op glad ijs. Kunstinstallaties zijn alomtegenwoordig. Zo conservatief ben ik niet dat er per se een verfborstel aan te pas moet komen. Alhoewel. Die waterlelies van Monet maken me elke keer weer week. Ik heb meer moeite met een opeenstapeling van brokstukken waarbij de titel van het kunstwerk meer zegt dan wat er te zien valt. Jammer genoeg denk ik dat de laatste tijd steeds meer. Videokunst spant de kroon. Ik raak er zelden door geroerd. Ik loop er zelfs met een grote boog rond. Wat dan met de De grote mosselpot van Marcel Broodthaers in het SMAK? Als het idee sterk genoeg is, kan ik gerust een oogje dichtknijpen voor het gebrek aan esthetiek. Hoe de kunstpausen een oordeel vellen, weet ik niet. Voor mij mag kunst gerust over iets gaan en mij tot nadenken aanzetten. Kunst mag ook choqueren.  Neen, kunst hoeft niet op een doek te zijn. Het mag er kinetisch en optisch aan toe gaan. Ik hou van beeldhouwwerken en ook van fotografie. Zolang het iets aantrekkelijk heeft. Liefst met veel kleur erin. Bovenal mag kunst gewoon mooi zijn.' , '2017-03-02', '2017-03-18', 3, NULL, 5, 5, TRUE, FALSE)
,('Junikriebels', NULL , '"Ik ben in verlof tot 25 juni", zegt het antwoordapparaat van mijn huisdokter. De woorden die mijn mond toen uitspuwde, staan hopelijk nergens geregistreerd. Terwijl ik alleen op mezelf moet vloeken. Er is maar een schuldige. Zo goed ik georganiseerd ben in reisroutes uitstippelen, hostels uitzoeken en leuke reisaccessoires kopen, zo slecht ben ik in een aantal praktische zaken regelen. Uitstelgedrag. De planten en de post zoeken nog een baasje, de reisapotheek is nog maar half gevuld. Ik slaag er steeds in om de helft van juni te laten passeren voor ik in actie schiet. En dan is het meteen een paniekreactie. De vertrekstress blijft. Een week voor vertrek kan ik de meeste to dos afvinken. Een beetje agitatie zorgt voor actie. Genoeg getreuzeld. Een afspraak bij een wildvreemde dokter, een paar planten gaan op visite en ook de post is uitbesteed. Mijn bankkaart deblokkeren voor het buitenland, kopieën maken van documenten, alles wat oplaadbaar is opladen... Een week voor vertrek ben ik vertrekkensklaar. De te fel in mijn living is verdwenen onder stapels kleding en reisspullen. In de laatste week voer ik spullen aan en af. Wat ik vandaag denk nodig te hebben, kan morgen overbodig lijken. En omgekeerd. Zo gaat het tot een paar uur voor vertrek. En toch geniet ik van die inpakkriebels.' , '2017-06-16', '2017-06-25', 5, NULL, 5, 5, TRUE, FALSE)
,('De lokroep van de natuur', NULL , 'Een efficiënte reisroute vind ik een must. Of ik nu een korte trip maak of langer op een of ander werelddeel ronddwaal. Ik moet er zoveel mogelijk uithalen. Het zijn kernreacties in mijn hersenen die ongevraagd exploderen en uitstralen naar al mijn ledematen. Mijn vingers beginnen te jeuken om het droge excel-bestand tot leven te wekken. Ik knip en plak weblinks naar opmerkelijke stadswandelingen, nieuwe musea of charmante hotelletjes. De post-its in mijn reisboeken vermenigvuldigen zich. In relaxte zetelpositie vertoef ik in mijn reiscocon. Tot ik bots. Op torenhoge prijzen in Singapore en afgeleefde resorts op de Perhentian eilanden. Op de meldingen uitverkocht en in deze periode liggen de prijzen aanzienlijk hoger. Ik ga rechtop zitten en tik als een bezetene andere logies in. Met hetzelfde resultaat. Alarmfase 3 wordt afgekondigd. Het prettige gevoel van de explosies is weg, na uren surfen knalt er een atoombom in mijn schedelpan. Op het moment dat ik op Borneo ben, vindt de twintigste editie van het Rainforest World Music Festival plaats. Ik zal er alvast niet alleen zijn. De weerbots. Waar zat ik met mijn gedachten op het moment dat ik mijn binnenvlucht naar Borneo boekte? De lokroep van de natuur bedwelmde het stadsmeisje. Was het de aandoenlijke snoet van de orang oetan op de Lonely Planet die me verleidde? De Jane in mij slingerde aan lianen door het regenwoudloof en plukte een boeket wilde orchideeën. Nu doemen alleen beelden van harige vogelspinnen en glibberige slangen op. Geen Tarzan te bespeuren om mij te redden. Ik bedenk een vluchtscenario. Het stadje Kuching kan als uitvalsbasis dienen voor een aantal daguitstappen. Dan kan ik van de natuur nippen en s avonds terug tussen de stenen vertoeven. Reis ik daarvoor naar Borneo? Ik bots op een muur van remmingen en angsten. Misschien is het moment aangebroken om een groot meisje te worden. Ik verzamel al mijn moed. Vele Google-sessies en VISA-betalingen later heb ik mij overgegeven aan de natuur. Op het eiland Santubong logeer ik twee nachten in een treehouse. Nee, niet in een hut, wel in een chalet in de bomen. Dan zal ik me opladen in het stadje om daarna een nachtje te logeren in de forest lodge van het Bako Nationaal Park. Als ik niet genoeg kan krijgen van de apen, bezoek ik ook het Semenggoh orang-oetan rehabilitatiecentrum. Na tien jaar reizen wordt dit mijn eerste echte wildlife-experience. Ik lig er nu niet wakker van. Eerst wachten de straatstenen van Rome en Tokyo nog op mij. In het slechtste geval blijf ik op veilig terrein en waag me niet verder dan vogels spotten. In het beste geval knakt er iets in het stadsmeisje en wordt mijn middle name fauna en flora. Wat ik alvast weet, is dat ik met mijn avontuurtje in de natuur mijn lezers zal trakteren op enkele hilarische verhalen.', '2017-02-12', '2017-02-12', 5, NULL, 5, 5, TRUE, FALSE)
,('Mijn bloemlezing: Ukiyo-e - Jubelparkmuseum', NULL , 'Er hangt eentje in het Rijksmuseum in Amsterdam, het British Museum in Londen en het Metropolitan Museum of Art in New York. Drie musea die ik ooit bezocht, maar zonder enige herinnering aan De golf van Kanagawa van de kunstenaar Hokusai. Alhoewel al lang Murakami-fan, was Japan toen nog geen van mijn idee-fixen. De tentoonstelling Ukiyo-e in het Brusselse Jubelparkmuseum zorgt ervoor dat ik het meesterwerk dicht bij huis kan aanschouwen. E is Japans voor prent, schilderij. Ukiyo betekent in het boeddhisme ‘een wereld van pijn’. In deze vergankelijke wereld doen onze verlangens lijden. De betekenis verschuift uiteindelijk naar het vlietende leven, het leven van alledag dat aan iedereen voorbij stroomt. De golf is het uithangbord van de expositie. De overweldigende, schuimende golf die gulzig de roeiboten met bemanning opslokt, maakt de anders zo iconische berg Fuji tot iets nietigs. Ook al behoort het schilderij tot de reeks Zesendertig gezichten op de berg Fuji, het drama speelt zich af in de klauwen van de elf. De berg is slechts figurant. Als ik voor de prent sta, voel ik me nietig. Niet omdat het zo’n grote verschijning is. Wel uit respect voor dit kleine kunstwerk. En uitgelaten als een klein kind omdat ik het eindelijk te zien krijg. Niet dat dit het enige juweeltje is dat hier hangt. “Alleen in de uniciteit van het kunstwerk zelf is de betekenis en werkelijkheid van de kunst te vinden.” Martin Heidegger, De oorsprong van het kunstwerk. Ik kreeg ingeprent dat kunst uniek moet zijn. Met fotografie heb ik mijn grenzen al verlegd. Waarom zou er dan iets op tegen zijn dat een prent meerdere keren kan worden gedrukt? In de houtsnedekunst werd het ontwerp van de kunstenaar op een glad houtblok geplakt. Nadat hij de grove vorm had uitgesneden, werkte hij de details uit. Om tot een meerkleurig resultaat te komen, waren zoveel houtblokken nodig als kleuren in de prent. Het was precisiewerk. De verschillende kleuren vereisten op andere plaatsen uitsnijdingen. De drukker moest ervoor zorgen dat de verschillende kleurblokken goed na elkaar pasten. Iets kunstiger toch dan op de knop duwen van een digitale printer? Hokusai heeft van De Golf meerdere afdrukken gemaakt. Ook na zijn dood ging het kopiëren door. Dat zorgde voor grote en goedkope oplagen. Het was kunst voor het volk. Ik sta met mijn neus tegen het glas gedrukt. De hoofden van de roeiers steken boven de boten uit. De tinten blauw zorgen voor diepgang. In plaats van het plantaardige indigoblauw gebruikte Hokusai Pruisisch blauw. Deze synthetische kleurstof werd in de negentiende eeuw uit het Westen ingevoerd. Als ik het werk vanop een afstand bekijk, verdwijnen de boten in de baren en zijn het de contouren van de wolken die opvallen. De besneeuwde bergtop springt als enige zowel van dichtbij als van veraf in het oog. Er kruipt zoveel precisie in dat elke vervaardiging een uniek werk is, ook al zien ze er identiek uit. Geisha’s en courtisanes, kabuki-acteurs en sumoworstelaars waren de initiële thema’s. Zij waren in Japan populaire figuren en dat paste bij het imago van de houtsnedekunst. De courtisanes poseren als gewillige minnaressen. De geisha’s zijn rank en gracieus in hun sensuele kimono’s. Een groot contrast met de bonkige lijven van sumoworstelaars en de norse acteursportretten. De fans kregen wat ze wilden: prentjes van hun lievelingsacteurs. De mannen namen ook de vrouwenrollen op zich, met een travestietlook als resultaat. Een bordje Parental Control moet waarschuwen voor het erotisch gehalte van de volgende zaal houtsnedeprenten. Tussen deze shunga hangen ook werken van Hokusai. Shunga betekent beeld van de lente. Een eufemisme voor seks. De wilde stoeipartijen worden nochtans niet veel verbloemd. Tenzij ik de fallussen vergelijk met gigantische stampers, de vulva’s met uitnodigende bloemkelken. Hokusai heeft alle genres doorlopen, maar werd beroemd met zijn landschappen. Dat zijn ook de prenten die mij het meest bekoren. Ik wandel dan ook graag door naar de werken van Utagawa Hiroshige. Hij brak door met zijn prenten van de Tokaido-route. Deze hoofdweg verbond Edo, het huidige Tokyo, met Kyoto. Langs deze route waren haltes waar de reizigers konden rusten. Hiroshige bracht deze 53 shukuba in beeld. De reiswoede sprak tot de verbeelding van kunstenaars. Ook de haiku-dichter Matsuo Basho liet zich inspireren door reizen langs deze weg. Kono michi ya ___ Along this road. yuku hito nashini ___ Goes no one. Aki no kure ___ This autumn eve. Matsuo Basho De irissentuin te Horikiri uit de reeks Honderd gezichten op beroemde plaatsen in Edo is mijn nieuwe favoriet. Eerst springen de fiks opstaande irissen en hun priemende bladeren eruit, pas daarna zie je de gloed van de avondzon die over het meer en de wandelaars in het veld valt. De gedempte kleuren zorgen voor een serene sfeer. Bij Christie’s kan je een echte druk krijgen voor een kleine 4500 dollar. Ik zal met mijn fotootje tevreden moeten zijn. Zo volks is die kunst al lang niet meer. Ik kan nog een tijdje doorgaan met werken van Hiroshige op te sommen. Ze spreken allemaal tot de verbeelding. Hij liet zich nadrukkelijk inspireren door Hokusai’s Zesendertig gezichten op de berg Fuji. Toch blinkt Hiroshige uit in een romantische benadering van het landelijke leven. Hokusai zou het niet graag horen. Hun leven lang waren ze harde concurrenten. Ik wil de vete niet aanwakkeren. Ik omarm beide. De Tenno-tempel te Osaka uit Souvenirs van mijn reizen van Kawase Hasui en De grote lantaarn bij het Kannon-paviljoen te Asakusa van Kasamatsu Shiro dateren uit de 20ste eeuw. Ik vlieg terug in mijn reistijd en ben in gedachten op die plaatsen. Niet bij de winterse avondschemering die Hasui zo mooi weergeeft. Wel opgetogen om een oord van rust te vinden in het hyperactieve Osaka of Tokyo. Mooiere souvenirs dan herinneringen kan je niet hebben. Het laatste werk dat me raakt, is De reiger in de regen van Ohara Koson. Het gestileerde effect van de witte reiger op een zwarte achtergrond maakt het eigentijdser. Door de techniek van de blinddruk waarbij met een droog blok reliëf wordt aangebracht, krijgen de witte veren diepgang. Als je wil kennismaken met mijn bloemlezing moet je er snel bij zijn. Op 20 december pakt het Jubelparkmuseum uit met de tweede collectie. De prenten zijn te lichtgevoelig om ze lang te exposeren. Wat met De golf? Wil je op zeker spelen, ga dan deze week nog langs. Toch lijkt het me commercieel oninteressant om De golf van Hokusai weg te halen. Ik voorspel, misschien een beetje overmoedig, dat hij de volgende ronde overleeft. Ze tikken wel een tweede exemplaar op de kop. Zo niet zijn er voldoende hoogwaardige houtsnedeprenten die ook zonder De golf van deze tentoonstelling een must see maken.' , '2016-11-22', '2017-01-07', 5, NULL, 5, 5, TRUE, FALSE)
,('Met Earl naar de kust', NULL , 'Ik sta vertrekkensklaar en Earl is op komst. Was ik niet op weg naar de kust en was Earl geen tropische storm, hij was zeker welkom geweest. Dat hij een ongenode gast is, blijkt ook uit de verontrustende mail van de manager van het Mango Tulum Hotel. Ze vreest dat de civiele bescherming zal beslissen om de hotels te sluiten als Earl recht op Tulum afstormt. Die onzekere factor doet mij halsoverkop beslissen om direct naar Playa del Carmen te gaan. Door mijn haat-liefdeverhouding met die kustplaats, focus ik me op de positieve kanten. Zon, zee en strand! De regen stort neer als ik er arriveer. Een voorbode van Earl? De zoektocht naar logement blijkt ook al geen sinecure. Te groezelig. Te duur. Volzet. Ik ben doodop en doorweekt. Hotel Tropical Casa Blanca lijkt de beste keuze. Ik zijg neer op mijn hotelbed. Tot een uur of tien gaat alles goed. Dan gaan de geluidsboxen open. Ik lig in een discotheek. De oordoppen en de vermoeidheid helpen een beetje. Om 5u ''s ochtends valt alles stil. Wanneer de feestbeesten gaan slapen, ontwaak ik. Het onderschrift is nochtans duidelijk. Dit is een Party Hotel. De overlast komt van de openluchtdiscotheken in de straat. Vreemd dat ik er in mijn vorige hotel, een beetje verderop, geen last van had. Ik krijg twee nachten terugbetaald. De zoektocht kan opnieuw beginnen. Deze keer niet in de regen en niet met een overvolle rugzak. Ik kies voor een iets luxueuzer hotel. Ver genoeg van het feestgedruis. Ik stuur Earl de rekening. Zon, zee en strand zullen me moeten oppeppen. Alhoewel. De zon zit verscholen achter donkergrijze wolken die elk moment kunnen losbarsten. De zee is zo woelig dat er niet veel strand overblijft. Op de smalste strook slaan de golven tot aan de strandstoelen. Het zand is overwoekerd met algen. De stank is navenant. Alles wat mij naar hier lokt, mis ik de eerste dagen. Ik zoek troost in de winkelstraten. Earl heeft eindelijk zijn biezen gepakt. Het is niet omdat ik mijn logement in Tulum geannuleerd heb dat ik de archeologische site niet zal bezoeken. De bus brengt me in een uurtje naar Tulum. De zee is rustig en heeft terug haar azuurblauwe kleur. Op de site krioelt het van de leguanen en schaars geklede toeristen. Dat de leguanen hier komen zonnebaden, tot daar aan toe. Een archeologische site in bikini bezoeken, daar heb ik bedenkingen bij. Ik kan er niet omheen dat ik terug vertoef waar ik vertrokken ben... tussen de massatoeristen. Earl is rakelings onder Tulum gepasseerd. Hij ging met 130 km/u aan land in Belize... op het moment dat wij daar in onze oorspronkelijke reisplanning zouden geweest zijn. Hij veroorzaakte overstromingen en aardverschuivingen, maar was al afgezwakt toen hij over Yucatán raasde. Waar ik nu ben. Hij welde terug aan in de baai van Campeche en maakte heel wat schade en slachtoffers in Mexico. De uitlopers ervan zorgden in Playa del Carmen voor een aantal dagen dreigend weer en een woelige zee. De algen zijn intussen opgeruimd, het fijne, witte zand is terug van onder de woeste baren gekropen... de lucht en de zee toveren een gigantisch felblauw geschakeerd palet. Meer moet dat niet zijn. Ik geniet.' , '2016-08-05', '2017-01-29', 6, NULL, 5, 5, TRUE, FALSE)
,('Oaxaca: de leraren zijn boos', NULL , 'De uitgebrande karkassen van auto''s en een immense oplegger van een vrachtwagen smeulen nog na. De gevaarten staan op elkaar gestapeld dwars over de weg. Dit is niet het gevolg van een dramatisch verkeersongeluk. Dit is wel het resultaat van protestacties van de onderwijsvakbonden. Langs beide kanten is de weg intussen vrij gemaakt zodat het verkeer langs een smalle strook kan passeren. Ook onze bus heeft voldoende plaats om de obstakels te omzeilen. "Hier zijn ze een paar uur zoet mee geweest", zegt Isa. De betogers hebben zich uit de naad gewerkt, er stonden waarschijnlijk veel mensen uren in de file en het zal nog eens een pak mensen tijd kosten om het puin te ruimen. Wij zijn slechts getuigen van de naweeën. Een paar uur geleden vertrokken we uit Oaxaca. Bloqueo was het enige, maar wel het meest essentiële woord dat we begrepen uit de aankondiging van de buschauffeur. Nu zien we met onze eigen ogen dat ons Spaans nog niet zo slecht is. We reden de stad uit langs straten die niet voorzien waren op doorgaand verkeer. Er ging een belletje rinkelen. Dit was niet onze eerste blokkade, en dan bedoelen we niet eens die dat onze reisplannen naar Guatemala boycotte. "Die korte route van Palenque naar San Cristobal...", zeg ik. We duiken terug in onze herinneringen. "Bloqueo", roepen we in koor. De dame aan het busloket kon onvoldoende Engels om iets meer uitleg te geven. Wegenwerken, veronderstelden we. "Voor we San Cristóbal binnenreden", zegt Isa, "dat was ook niet normaal." In een flits zie ik de bus de bermen van bruggen oprijden en u-turns maken op voor grote vehikels onmogelijke plaatsen. Veel aandacht besteedden we er niet aan. Dachten we dat dit iets typisch Mexicaans was? "En tijdens de nachtrit naar Oaxaca", zeg ik met klem, alsof ik het juiste antwoord op een moeilijke quizvraag heb gevonden. Ik beleefde de tocht meer in waak- dan in slaaptoestand en merkte dat we meermaals offroad gingen. Isa kijkt me aan alsof ik het allemaal heb gedroomd. In de straten van San Cristóbal konden we er nochtans niet naast kijken. De muren van de kathedraal waren behangen met protestslogans. Met de hashtags Oaxaca, reforma en educación legden we zelf de puzzel. Op een of andere avond waren er schermutselingen rond de kathedraal. De cafeetjes en winkels in de hoofdstraat hadden uit voorzorg de terrassen en kraampjes binnengehaald. Het was onze zorg niet. Toen dachten we nog dat we naar Guatemala gingen. "Die student zal toch gelijk hebben gehad", zegt Isa, "dat ze geen bustickets verkochten naar Oaxaca." "Dus besloot hij om naar Guatemala te gaan", lach ik. Verbazingwekkend hoe we met een dag verschil tot de tegenovergestelde reisroute kwamen. "Hopelijk is hij er intussen al geraakt!" Ook al konden wij niet naar Guatemala reizen, we geraakten zonder slag of stoot in en uit Oaxaca. De sfeer was er rustig. Misschien hadden de betogers voor de Guelaguetza-festiviteiten de strijdbijl neergelegd? De protesten van de onderwijsvakbonden kennen een lange geschiedenis. In 2006 was er in de zuidelijke staat Oaxaca een conflict dat meer dan even maanden duurde. De bevolking kwam in opstand tegen de corrupte leiders. Barricades zorgden ervoor dat politici noch politie de regio konden bereiken. De tijd dat het heeft geduurd en de doden die er zijn gevallen, wogen niet op tegen het povere resultaat. De leraren werden nog steeds te weinig betaald, de werkomstandigheden bleven slecht, de armoede nam toe. "Die leraren zijn geen doetjes", verzucht ik. Het ligt ons na aan het hart. Wij kennen alleen het gemopper uit de leraarskamer waarbij om het even welke onderwijsminister onder vuur wordt genomen. "Dit is meer dan ontevredenheid", zegt Isa verontrust, "dit gaat over fundamentele onrechtvaardigheid." Het ging verder in 2013 toen de overheid het onderwijs hervormde. Niet alleen kregen de vakbonden minder inbreng bij het invullen van nieuwe lerarenjobs, ook voerde de regering evaluaties in. Volgens de vakbonden was dit een poging om leerkrachten gemakkelijker te ontslaan en uiteindelijk het onderwijs te privatiseren. Daar zou juist de armere bevolking het grootste slachtoffer van worden. In juni begon alles van voren af aan. Verschillende toegangswegen werden wekenlang versperd. Met zelfs voedsel- en brandstoftekorten tot gevolg. Wegblokkades zijn hier schering en inslag geworden. De hersenen van de buschauffeurs zijn waarschijnlijk al evolutionair aangepast aan het constant naar omleidingen zoeken. De politie trad hardhandig op tegen de betogers. Eind juni vielen acht doden en een honderdtal gewonden. Toen werd het even internationaal nieuws. Als Mexico bij ons in het nieuws komt, gaat het over drugs en geweld. Omdat wij enkel in Yucatán gingen reizen en die regio meestal onbesproken is, ging veel van het nieuws mijn ene oor in en het andere weer uit. Wat hier allemaal echt gaande is, kan je niet met onze westerse ideeën over het onderwijs beoordelen. Dat het over geen kleine zaak gaat, dat het geen grillen zijn van werkonwillige onderwijzers... dat voelen we pas wanneer we die stapel uitgebrande auto''s en trucks voorbijrijden. ' , '2016-07-25', '2017-01-09', 6, NULL, 5, 5, TRUE, FALSE)
,('Terug onder de mensen, honden en apen', NULL , 'Ik lijk wel een spraakwaterval. Mijn conversaties op en rond het strand beperkten zich tot hallo, dank u wel, tot ziens. Na een aantal keer in hetzelfde restaurant te vertoeven, vulden de obers mijn woorden zelfs aan met ... medium spicy, no sugar. Nu zit ik bij Arjen in de wagen en de kans dat het gesprek stilvalt tijdens de rit van Phuket naar Surat Thani is klein. Dat het ook al twee jaar geleden is dat ik in The First Monkey School logeerde, speelt natuurlijk ook een rol. Ik krijg meteen een update over alle nieuwe honden, wat het totaal intussen op dertien brengt, en vraag me stilletjes af of dat wel goed komt. Arjen neemt de weg door de bergen. Langs Khao Sok National Park. Ik geniet van het uitzicht op de groenbedekte kalksteenrotsen, ingesloten door een dreigende wolkenbank. Die heiige sfeer is voldoende om een bezoek op mijn volgende reisprogramma te zetten. Draak, Beer, Dolphin en Kat, Tiger, Tao (schildpad) en Singh (leeuw), Shark en Whale, Moo (varken) en Pla (vis), Palm en Jung (mug). Somjai en Arjen geven de honden dierennamen. In het Nederlands, Engels of het Thais, maar de voorwaarde is dat de namen zowel voor hem als zijn vrouw uitspreekbaar zijn. Palm is een uitzondering. Zijn naam komt van zijn vindplaats. Samen met nog vier andere puppies werd hij aan het hek van de palmplantage gedropt. Jung was daar ook bij. Hij was lek gestoken door de muggen. In namen onthouden ben ik getraind en stel me voor dat deze hondenbende een klas vormt. Er zijn haantjes de voorste, stille waters met diepe gronden en luidruchtige blaffers. Maar toch. Het is onvoorspelbaar wie soms het meest de aandacht kan trekken. Beer, omdat hij zo een diepzinnige blik in zijn ogen heeft. Een kolos van een zwarte hond, met een bang hart. Hij durft niet buiten zijn vertrouwde baken komen. Deze keer scoort Tiger het hoogst qua aaibaarheid. Hij was er de vorige keer ook al, maar toen had hij zware concurrentie van de aimabele Pooh. Een overenthousiaste aap boycot mijn voornemen om het apenverblijf deze keer zonder angst te trotseren. Hij stuift naar beneden, roetsjt over mijn arm en hangt - voor ik het goed besef - in volle glorie over mijn gezicht. In een instinctieve reactie wil ik het beest van me af gooien. Gelukkig besef ik snel dat zijn mensachtige vingertjes en tandjes dan veranderen in weerhaken. Ik wou dat dit een broodjeaapverhaal was - verdorie, er is bewijsmateriaal -, maar ik ben zelf een broodje aap. Ik volg daarna nog een paar demonstraties van Somjai mee. De andere bezoekers mogen van mij de apenhonneurs waarnemen. Ik hoef geen aap meer in mijn buurt, maar naar haar gepassioneerde uitleg kan ik blijven luisteren en kijken. Ik haal de herinnering pas op als we al rond de Koreaanse barbecue zitten. Dat ik acht jaar geleden dacht ''dit nooit meer''. Toen, in Si Saket, een stadje ten oosten van Bangkok. Als nog niet zo ervaren reizigers hadden Patricia en ik onze twijfels bij al het rau e dat bij grote hitte lag te wachten op onze magen. We zagen ongewild beelden van frequent toiletgebruik. We waren verlamd door alle reiswaarschuwingen en kookten in het water alleen wat onherkenbare bladgroenten. Het resultaat was smaakloos en onze honger was amper gestild. In ons darmgestel bleef het vredig. Intussen staat de hotpot in het midden van de tafel te pruttelen. Ik ben nog een beetje onwennig. De Birmese vrienden brengen pijlsnel plastic bordjes vol vis, vlees en groenten mee van het all you can eat-buffet. Er liggen ook enkele bereide gerechten, waaronder mijn favoriet laab. Een pittige salade uit de noordoostelijke keuken met gehakt en veel verse kruiden. In deze variant zit er lever in, wat het geheel een diepe vleessmaak geeft (dixit de bijna-vegetariër). In het kokende water maak ik een bouillon van kruiden, oesterzwammen en enoki''s. De bij ons toch wel dure witte steeltjespaddenstoelen liggen hier à volonté op een buffet dat amper 169 baht (ongeveer €4,5) kost. Ik smul vooral van vis en zeevruchten. De extra warmte die deze barbecue produceert, laat me nieuwe zweetklieren ontdekken. Vanaf een long-tail boat schuimen we de Tapi rivier in Surat Thani af op zoek naar vuurvliegjes. Nong Chai zit op de voorsteven op de uitkijk. In het pikdonkere loof aan de oeverkant fonkelen kleine stipjes. Soms fel, dan weer zacht als een slinger kerstlampjes die af en toe zonder stroom valt. Ik geniet vooral van de verkoeling op de rivier. Op de terugtocht krijgt het Birmese koppel bijna de slappe lach. Deze avond kregen we slechts een klein lichtspel te zien, in Birma krioelt het van de vuurvliegjes zodat het soms lijkt alsof de bomen in brand staan. Ik voel me een luxekip. Er zijn zo van die plaatsjes die veel tijd en moeite vragen om er te geraken. Vandaag hoef ik alleen maar in de auto van Arjen te stappen om naar Wat Suan Mokkh te gaan. Het is meer dan een tempel. Suan Mokkh ligt in een bosrijk domein waar een veertigtal monniken leven in huisjes verspreid over het bos. Het is ook een Dharma Meditatie centrum. Je kan hier een meditatieve retraite van 10 dagen volgen. Volgens een strikt schema van meditatie, onderricht en gemeenschapswerk, in stilte en in sobere omstandigheden. Het is hier geen toeristenbedoening. Als pottenkijker hou je het hier niet lang vol. De regels zijn streng, onder andere geen muziek, niet zingen of dansen, niet eten tussen lunch en zonsopgang... Ik ben tevreden met een kort bezoek. Buddhadasa Bhikku (de slaaf van Boeddha) werd monnik op zijn twintigste en stichtte in 1932 Suan Mokkh, wat het bos van de kracht van de bevrijding betekent. Zijn leer staat neergeschreven in talrijke boeken die je ook in de annex bibliotheek vindt. Hij wou alle diepreligieuze mensen verenigen om samen het egoïsme te bestrijden. Hij overleed op 87-jarige leeftijd, maar zijn ideeën hebben nog steeds veel aanhangers. Het domein is zo uitgestrekt dat je er kan verdwalen. De gebouwen verschillen sterk van stijl. Er is een gebouw in de vorm van een schip. Ernaast ligt een modern gebouw met een ietwat vreemde maar fascinerende muurschildering op. Een figuur met een oog als hoofd schenkt uit een kom oogbollen weg aan hoofdloze mensen. Die daar heel dankbaar voor lijken. Binnenin hangen ook talrijke atypische kunstwerken voor een tempeldomein. De blik van de vrouw met diep gedecolleteerde blouse en minirok vertelt overduidelijk dat ze een man aan de haak wil slaan... Of dat is toch mijn interpretatie. Het bos brengt verkoeling in het licht ontvlambare Surat Thani. De natuur wacht op regen. Wanneer ik weg ben, mogen van mij de hemelsluizen gerust opengaan. Tussen het groene loof zitten monnikenhuisjes verscholen. Arjen en ik trachten de persoonlijkheid van de monniken af te lezen aan de hand van hun huisje. Van ordelijke monniksmurf tot grote smurf ... en er is duidelijk ook een rommelsmurf bij. Arjen nam me twee dagen op sleeptouw. Ik heb na mijn strandvakantie terug het gevoel op reis te zijn, door zowel op vertrouwde plaatsen te vertoeven als nieuwe oorden te ontdekken. Arjen en Somjai, bedankt voor de ontvangst! Tot de volgende keer... Reisidee: alle informatie op www.firstmonkeyschool.com' , '2016-04-04', '2016-05-16', 7, NULL, 5, 5, TRUE, FALSE)
,('Japanese food porn', NULL , 'Dit is een digestief verhaal met de werking van een goed aperitief! Dit beeldverhaal dient als afsluiter van mijn Japanblogs en wekt daarenboven de eetlust op. U bepaalt zelf waar en wanneer u dit leest, maar u bent gewaarschuwd. Ik acht me volkomen verantwoordelijk voor het water dat u in de mond krijgt, maar niet voor de daden die u daarna stelt. Ik zou zeggen: geniet, maar met mate... Sushi, teppanyaki, wagyu... spontane reacties als het over de Japanse keuken gaat. Een expert ben ik niet. Exclusief gegeten heb ik niet. Toch heb ik vijf weken lang geproefd van de Japanse keuken. Niet de verfijnde, wel de alledaagse. In een noedelbar. Uit de supermarkt. In een sushitent. In veel restaurants bots je meteen op een gigantische automaat. Zelfs na een jaartje Japanse les moet je noodgedwongen een gerechtje kiezen met een prentje bij. Zelfs dan sukkel je de eerste keren. Gelukkig snelt meteen een dienster te hulp, of een ongedurige klant die achter jou staat aan te schuiven. Je gooit het bedrag in de automaat, neemt je wisselgeld en bonnetje. De bediening gaat meestal heel snel. Deze gerechten zijn spotgoedkoop. Voor een grote noedelsoep betaal je 600 à 800 yen, wat ongeveer neerkomt op 4 à 6 euro. Als je er het gratis water of de koude thee bij drinkt, is de uitgave voor eten geen aanslag op je reisbudget. Udon, ramen en soba zijn drie noedelsoorten die je frequent zal eten in Japan. Van dikke, witte tarwenoedels, Chinese eiernoedels tot lichtbruine boekweitnoedels die warm of koud geserveerd worden. Aan de foto''s kan je zien dat ik heel wat soepen opgeslurpt heb. Ja, slurpen mag! En natuurlijk sushi. Ik verkoos de nigiri. Een bolletje rijst wordt door de sushimaster met de vingers gevormd, hij vraagt of hij wasabi mag toevoegen (natuurlijk!) en drukt er dan een plakje rauwe vis op. Of tamago, een plakje lichtzoete Japans omelet. Vis, vis en nog eens vis. Je proeft de nabijheid van de zee. Mijn nieuw ontdekte lievelingsgerecht is rauwe vis op rijst. Op de foto hieronder zien jullie de luxeversie. Bij veel gerechten wordt misosoep, een bouillon op basis van een zoutige sojaboonpasta, geserveerd. Na mijn reis in Japan hebben mijn smaakpapillen last van enige zoutgewenning. De Japanse curry (karee) moet wel onderdoen voor de Thaise variant. Op de foto hier onder zwemmen de inktvisringen in de saus. Daarnaast smul ik van de veggievariant (eindelijk! groenten!). Veel toeristen hebben een probleem bij het verorberen van een Japans ontbijt. Ik heb alleen een probleem met het rauwe ei en de gefermenteerde sojabonen (natto). Na een aantal dagen wist ik mijn ontbijtjes al beter uit te kiezen. Mijn favorieten: rijst met gegrilde zalm (en de toebehoren: miso, groenten...) of de rauwe tonijn (ik weet het, het spijt me oprecht) op rijst. Na het ontbijt bezwijk ik wel voor koffie! Als het echt moet: westers ontbijt. Gelukkig met vers fruit en lekkere koffie à volonté. Mijn favorietje in Kyoto. In het minuscule restaurant was er slechts plaats voor acht of negen personen. Na het proeven van de tsukemen (dipping noodles) ging ik er zeker vijf keer eten en bestelde steeds hetzelfde gerecht met sesampasta en chili olie. Hier leerde ik ongegeneerd slurpen.' , '2015-08-15', '2015-11-22', 10, NULL, 5, 5, TRUE, FALSE);
INSERT INTO tag(word) VALUES ('gastronomie'), ('cultuur'), ('kunst'), ('thuis'), ('natuur'), ('dieren');
INSERT INTO story_tag(storyId, tagId) VALUES (17, 1),(1,2),(2,2),(10, 2), (13,2),(11,3),(12,3),(13,3),(8,4), (11,4), (6,4), (11, 5),(12,5), (16,5), (8,5);

